Date,Index,Strategy,Net P&L,Costs,Capital Used
2026-01-20,NIFTY,vwap_ema_momentum (EMA9/13) [60m],368.4,28.1,670.75
2026-01-20,NIFTY,vwap_ema_momentum (EMA9/13) [60m],-218.67,18.42,677.5
2026-04-07,NIFTY,vwap_ema_momentum (EMA9/13) [60m],552.97,42.28,1007.0
2026-04-07,NIFTY,vwap_ema_momentum (EMA9/13) [60m],-101.54,28.79,936.0
2026-04-21,NIFTY,vwap_ema_momentum (EMA9/13) [60m],-299.45,25.2,927.75
2026-05-12,NIFTY,vwap_ema_momentum (EMA9/13) [60m],513.97,39.03,935.5
2026-05-12,NIFTY,vwap_ema_momentum (EMA9/13) [60m],525.15,39.85,955.5
2026-05-12,NIFTY,vwap_ema_momentum (EMA9/13) [60m],378.09,28.91,688.75
2026-05-12,NIFTY,vwap_ema_momentum (EMA9/13) [60m],-231.51,19.51,717.0
2026-07-07,NIFTY,vwap_ema_momentum (EMA9/13) [60m],-332.41,28.16,1029.5
2026-09-08,NIFTY,vwap_ema_momentum (EMA9/13) [60m],-255.92,21.67,792.75
2026-09-15,NIFTY,vwap_ema_momentum (EMA9/13) [60m],-184.45,15.7,570.75
2026-07-14,BANKNIFTY,trend_scalp_nw (EMA5/21) [1m],-234.62,47.72,1581.15
2026-07-14,BANKNIFTY,trend_scalp_nw (EMA5/21) [1m],-264.8,53.9,1784.4
2026-07-28,BANKNIFTY,trend_scalp_nw (EMA5/21) [1m],-197.57,40.07,1331.85
2026-09-29,BANKNIFTY,trend_scalp_nw (EMA5/21) [1m],-227.14,46.24,1530.0
2026-09-29,BANKNIFTY,trend_scalp_nw (EMA5/21) [1m],-238.28,48.38,1606.35
2026-07-14,FINNIFTY,trend_scalp_nw (EMA9/21) [1m],-245.54,49.94,1653.6
2026-07-14,FINNIFTY,trend_scalp_nw (EMA9/21) [1m],-297.98,60.38,2008.4
2026-09-08,FINNIFTY,trend_scalp_nw (EMA9/21) [1m],-317.9,64.7,2142.4
2026-09-29,FINNIFTY,trend_scalp_nw (EMA9/21) [1m],-216.68,43.88,1460.4
2026-09-29,FINNIFTY,trend_scalp_nw (EMA9/21) [1m],-256.92,52.12,1731.6
