Strategy,EMA,Index,Timeframe,Trades,Win Rate %,Profit Factor,Net P&L,Walk-Forward Robust
trend_scalp_nw,EMA8/13,NIFTY,5m,2,100.0,inf,664.66,NO
trend_scalp_nw,EMA5/13,NIFTY,5m,4,75.0,3.48,657.08,NO
vwap_ema_momentum,EMA9/13,NIFTY,5m,4,50.0,1.83,472.67,NO
trend_scalp_nw,EMA5/21,NIFTY,5m,13,53.85,1.15,289.63,NO
mean_reversion,,NIFTY,5m,0,0.0,inf,0.0,NO
supertrend_rsi,,NIFTY,5m,0,0.0,inf,0.0,NO
combo_trend_vwap,EMA8/13,NIFTY,5m,0,0.0,inf,0.0,NO
trend_scalp_nw,EMA9/13,NIFTY,5m,0,0.0,inf,0.0,NO
combo_trend_vwap,EMA9/13,NIFTY,5m,0,0.0,inf,0.0,NO
ema_price_action,EMA9/13,NIFTY,5m,0,0.0,inf,0.0,NO
trendline_rsi,EMA9/13,NIFTY,5m,0,0.0,inf,0.0,NO
vwap_ema_momentum,EMA5/13,BANKNIFTY,5m,0,0.0,inf,0.0,NO
opening_range_breakout,EMA5/13,BANKNIFTY,5m,0,0.0,inf,0.0,NO
trend_pullback,EMA5/13,BANKNIFTY,5m,0,0.0,inf,0.0,NO
mean_reversion,,BANKNIFTY,5m,0,0.0,inf,0.0,NO
combo_trend_vwap,EMA5/13,BANKNIFTY,5m,0,0.0,inf,0.0,NO
supertrend_rsi,,BANKNIFTY,5m,0,0.0,inf,0.0,NO
ema_price_action,EMA5/13,BANKNIFTY,5m,0,0.0,inf,0.0,NO
trendline_rsi,EMA5/13,BANKNIFTY,5m,0,0.0,inf,0.0,NO
ema_price_action,EMA5/21,BANKNIFTY,5m,0,0.0,inf,0.0,NO
ema_price_action,EMA5/26,BANKNIFTY,5m,0,0.0,inf,0.0,NO
vwap_ema_momentum,EMA8/13,BANKNIFTY,5m,0,0.0,inf,0.0,NO
opening_range_breakout,EMA8/13,BANKNIFTY,5m,0,0.0,inf,0.0,NO
trend_pullback,EMA8/13,BANKNIFTY,5m,0,0.0,inf,0.0,NO
trend_scalp_nw,EMA8/13,BANKNIFTY,5m,0,0.0,inf,0.0,NO
combo_trend_vwap,EMA8/13,BANKNIFTY,5m,0,0.0,inf,0.0,NO
ema_price_action,EMA8/13,BANKNIFTY,5m,0,0.0,inf,0.0,NO
trendline_rsi,EMA8/13,BANKNIFTY,5m,0,0.0,inf,0.0,NO
vwap_ema_momentum,EMA8/21,BANKNIFTY,5m,0,0.0,inf,0.0,NO
combo_trend_vwap,EMA8/21,BANKNIFTY,5m,0,0.0,inf,0.0,NO
ema_price_action,EMA8/21,BANKNIFTY,5m,0,0.0,inf,0.0,NO
combo_trend_vwap,EMA8/26,BANKNIFTY,5m,0,0.0,inf,0.0,NO
ema_price_action,EMA8/26,BANKNIFTY,5m,0,0.0,inf,0.0,NO
vwap_ema_momentum,EMA9/13,BANKNIFTY,5m,0,0.0,inf,0.0,NO
opening_range_breakout,EMA9/13,BANKNIFTY,5m,0,0.0,inf,0.0,NO
trend_pullback,EMA9/13,BANKNIFTY,5m,0,0.0,inf,0.0,NO
trend_scalp_nw,EMA9/13,BANKNIFTY,5m,0,0.0,inf,0.0,NO
combo_trend_vwap,EMA9/13,BANKNIFTY,5m,0,0.0,inf,0.0,NO
ema_price_action,EMA9/13,BANKNIFTY,5m,0,0.0,inf,0.0,NO
trendline_rsi,EMA9/13,BANKNIFTY,5m,0,0.0,inf,0.0,NO
vwap_ema_momentum,EMA9/21,BANKNIFTY,5m,0,0.0,inf,0.0,NO
combo_trend_vwap,EMA9/21,BANKNIFTY,5m,0,0.0,inf,0.0,NO
ema_price_action,EMA9/21,BANKNIFTY,5m,0,0.0,inf,0.0,NO
combo_trend_vwap,EMA9/26,BANKNIFTY,5m,0,0.0,inf,0.0,NO
ema_price_action,EMA9/26,BANKNIFTY,5m,0,0.0,inf,0.0,NO
trendline_rsi,EMA8/13,NIFTY,5m,2,50.0,0.79,-38.22,NO
trend_scalp_nw,EMA8/21,NIFTY,5m,6,50.0,0.95,-48.12,NO
trend_scalp_nw,EMA9/21,NIFTY,5m,6,50.0,0.95,-48.12,NO
ema_price_action,EMA8/13,NIFTY,5m,2,50.0,0.65,-76.47,NO
trend_pullback,EMA9/13,NIFTY,5m,1,0.0,0.0,-218.67,NO
opening_range_breakout,EMA9/13,NIFTY,5m,4,25.0,0.62,-302.82,NO
rsi_adx_nw,EMA8/21,BANKNIFTY,5m,1,0.0,0.0,-315.55,NO
rsi_adx_nw,EMA8/26,BANKNIFTY,5m,1,0.0,0.0,-315.55,NO
rsi_adx_nw,EMA9/21,BANKNIFTY,5m,1,0.0,0.0,-315.55,NO
rsi_adx_nw,EMA5/13,BANKNIFTY,5m,1,0.0,0.0,-320.39,NO
rsi_adx_nw,EMA5/21,BANKNIFTY,5m,1,0.0,0.0,-320.39,NO
rsi_adx_nw,EMA5/26,BANKNIFTY,5m,1,0.0,0.0,-320.39,NO
rsi_adx_nw,EMA8/13,BANKNIFTY,5m,1,0.0,0.0,-320.39,NO
rsi_adx_nw,EMA9/13,BANKNIFTY,5m,1,0.0,0.0,-320.39,NO
rsi_psar_reversal,,BANKNIFTY,5m,1,0.0,0.0,-322.8,NO
rsi_adx_nw,EMA9/26,BANKNIFTY,5m,1,0.0,0.0,-324.46,NO
opening_range_breakout,EMA5/21,BANKNIFTY,5m,1,0.0,0.0,-325.67,NO
trend_pullback,EMA5/21,BANKNIFTY,5m,1,0.0,0.0,-325.67,NO
trendline_rsi,EMA5/21,BANKNIFTY,5m,1,0.0,0.0,-325.67,NO
opening_range_breakout,EMA5/26,BANKNIFTY,5m,1,0.0,0.0,-325.67,NO
trend_pullback,EMA5/26,BANKNIFTY,5m,1,0.0,0.0,-325.67,NO
trendline_rsi,EMA5/26,BANKNIFTY,5m,1,0.0,0.0,-325.67,NO
opening_range_breakout,EMA8/21,BANKNIFTY,5m,1,0.0,0.0,-325.67,NO
trend_pullback,EMA8/21,BANKNIFTY,5m,1,0.0,0.0,-325.67,NO
trendline_rsi,EMA8/21,BANKNIFTY,5m,1,0.0,0.0,-325.67,NO
opening_range_breakout,EMA8/26,BANKNIFTY,5m,1,0.0,0.0,-325.67,NO
trend_pullback,EMA8/26,BANKNIFTY,5m,1,0.0,0.0,-325.67,NO
trendline_rsi,EMA8/26,BANKNIFTY,5m,1,0.0,0.0,-325.67,NO
opening_range_breakout,EMA9/21,BANKNIFTY,5m,1,0.0,0.0,-325.67,NO
trend_pullback,EMA9/21,BANKNIFTY,5m,1,0.0,0.0,-325.67,NO
trendline_rsi,EMA9/21,BANKNIFTY,5m,1,0.0,0.0,-325.67,NO
opening_range_breakout,EMA9/26,BANKNIFTY,5m,1,0.0,0.0,-325.67,NO
trend_pullback,EMA9/26,BANKNIFTY,5m,1,0.0,0.0,-325.67,NO
trendline_rsi,EMA9/26,BANKNIFTY,5m,1,0.0,0.0,-325.67,NO
vwap_ema_momentum,EMA5/21,BANKNIFTY,5m,1,0.0,0.0,-326.73,NO
combo_trend_vwap,EMA5/21,BANKNIFTY,5m,1,0.0,0.0,-326.73,NO
vwap_ema_momentum,EMA5/26,BANKNIFTY,5m,1,0.0,0.0,-326.73,NO
combo_trend_vwap,EMA5/26,BANKNIFTY,5m,1,0.0,0.0,-326.73,NO
vwap_ema_momentum,EMA8/26,BANKNIFTY,5m,1,0.0,0.0,-326.73,NO
vwap_ema_momentum,EMA9/26,BANKNIFTY,5m,1,0.0,0.0,-326.73,NO
trend_scalp_nw,EMA9/21,BANKNIFTY,5m,1,0.0,0.0,-336.91,NO
trend_pullback,EMA8/13,NIFTY,5m,3,33.33,0.29,-348.48,NO
ema_price_action,EMA5/13,NIFTY,5m,5,20.0,0.18,-632.08,NO
trend_scalp_nw,EMA5/13,BANKNIFTY,5m,2,0.0,0.0,-691.81,NO
trend_scalp_nw,EMA8/21,BANKNIFTY,5m,2,0.0,0.0,-691.81,NO
trend_scalp_nw,EMA8/26,NIFTY,5m,15,40.0,0.67,-852.39,NO
trend_scalp_nw,EMA9/26,NIFTY,5m,12,33.33,0.52,-1115.73,NO
trend_scalp_nw,EMA5/26,NIFTY,5m,19,36.84,0.59,-1388.42,NO
trend_scalp_nw,EMA5/21,BANKNIFTY,5m,5,0.0,0.0,-1614.72,NO
vwap_ema_momentum,EMA8/13,NIFTY,5m,12,8.33,0.18,-2276.4,NO
trend_scalp_nw,EMA9/26,BANKNIFTY,5m,9,0.0,0.0,-2562.92,NO
trendline_rsi,EMA5/13,NIFTY,5m,15,13.33,0.18,-2601.44,NO
ema_price_action,EMA9/21,NIFTY,5m,19,15.79,0.29,-2684.36,NO
combo_trend_vwap,EMA9/21,NIFTY,5m,14,7.14,0.09,-2852.92,NO
trend_scalp_nw,EMA8/26,BANKNIFTY,5m,10,0.0,0.0,-2921.78,NO
trend_scalp_nw,EMA5/26,BANKNIFTY,5m,13,0.0,0.0,-3225.15,NO
ema_price_action,EMA8/21,NIFTY,5m,22,13.64,0.25,-3261.62,NO
opening_range_breakout,EMA8/13,NIFTY,5m,17,5.88,0.13,-3309.9,NO
trendline_rsi,EMA9/21,NIFTY,5m,28,17.86,0.3,-3871.16,NO
combo_trend_vwap,EMA8/21,NIFTY,5m,18,0.0,0.0,-4176.93,NO
combo_trend_vwap,EMA5/13,NIFTY,5m,22,4.55,0.09,-4422.06,NO
trendline_rsi,EMA8/21,NIFTY,5m,32,15.62,0.27,-4676.4,NO
combo_trend_vwap,EMA9/26,NIFTY,5m,27,7.41,0.15,-5003.82,NO
ema_price_action,EMA5/21,NIFTY,5m,31,6.45,0.09,-5823.73,NO
ema_price_action,EMA9/26,NIFTY,5m,29,3.45,0.02,-6219.71,NO
combo_trend_vwap,EMA8/26,NIFTY,5m,31,3.23,0.06,-6358.33,NO
trend_pullback,EMA5/13,NIFTY,5m,34,5.88,0.08,-6587.38,NO
ema_price_action,EMA8/26,NIFTY,5m,31,3.23,0.02,-6626.6,NO
vwap_ema_momentum,EMA5/13,NIFTY,5m,36,5.56,0.12,-6708.2,NO
ema_price_action,EMA5/26,NIFTY,5m,34,2.94,0.02,-7012.35,NO
trend_pullback,EMA9/21,NIFTY,5m,38,7.89,0.1,-7055.73,NO
vwap_ema_momentum,EMA9/21,NIFTY,5m,39,5.13,0.11,-7216.51,NO
vwap_ema_momentum,EMA8/21,NIFTY,5m,41,4.88,0.11,-7498.35,NO
trendline_rsi,EMA9/26,NIFTY,5m,40,7.5,0.09,-7543.9,NO
rsi_psar_reversal,,NIFTY,5m,34,0.0,0.0,-7575.8,NO
combo_trend_vwap,EMA5/21,NIFTY,5m,42,4.76,0.1,-7844.04,NO
trendline_rsi,EMA5/21,NIFTY,5m,42,7.14,0.09,-7955.33,NO
combo_trend_vwap,EMA5/26,NIFTY,5m,43,4.65,0.09,-8095.67,NO
opening_range_breakout,EMA5/13,NIFTY,5m,40,2.5,0.04,-8214.8,NO
vwap_ema_momentum,EMA9/26,NIFTY,5m,41,2.44,0.05,-8217.7,NO
trendline_rsi,EMA8/26,NIFTY,5m,42,2.38,0.03,-8794.83,NO
trend_pullback,EMA8/21,NIFTY,5m,43,2.33,0.02,-8853.86,NO
vwap_ema_momentum,EMA8/26,NIFTY,5m,46,2.17,0.04,-9095.17,NO
opening_range_breakout,EMA9/21,NIFTY,5m,48,4.17,0.07,-9155.52,NO
vwap_ema_momentum,EMA5/21,NIFTY,5m,47,2.13,0.04,-9274.06,NO
trend_pullback,EMA9/26,NIFTY,5m,48,4.17,0.05,-9368.9,NO
vwap_ema_momentum,EMA5/26,NIFTY,5m,47,2.13,0.04,-9412.21,NO
trendline_rsi,EMA5/26,NIFTY,5m,46,2.17,0.03,-9429.46,NO
trend_pullback,EMA8/26,NIFTY,5m,49,4.08,0.04,-9576.43,NO
opening_range_breakout,EMA8/21,NIFTY,5m,48,2.08,0.03,-9740.77,NO
trend_pullback,EMA5/21,NIFTY,5m,47,2.13,0.02,-9743.93,NO
trend_pullback,EMA5/26,NIFTY,5m,50,4.0,0.04,-9772.95,NO
rsi_adx_nw,EMA5/21,NIFTY,5m,48,2.08,0.03,-9777.79,NO
rsi_adx_nw,EMA5/26,NIFTY,5m,48,2.08,0.03,-9789.61,NO
rsi_adx_nw,EMA8/21,NIFTY,5m,48,2.08,0.03,-9789.61,NO
rsi_adx_nw,EMA9/21,NIFTY,5m,48,2.08,0.03,-9789.61,NO
opening_range_breakout,EMA8/26,NIFTY,5m,48,2.08,0.03,-9832.12,NO
rsi_adx_nw,EMA5/13,NIFTY,5m,51,3.92,0.06,-9832.9,NO
opening_range_breakout,EMA5/21,NIFTY,5m,48,2.08,0.03,-9916.14,NO
rsi_adx_nw,EMA8/26,NIFTY,5m,49,2.04,0.03,-9933.55,NO
rsi_adx_nw,EMA9/26,NIFTY,5m,49,2.04,0.03,-9933.55,NO
opening_range_breakout,EMA5/26,NIFTY,5m,48,2.08,0.03,-9949.36,NO
rsi_adx_nw,EMA9/13,NIFTY,5m,49,2.04,0.03,-9957.47,NO
rsi_adx_nw,EMA8/13,NIFTY,5m,49,2.04,0.03,-9963.76,NO
opening_range_breakout,EMA9/26,NIFTY,5m,49,2.04,0.03,-9979.58,NO
